geo,nace_r2,AIIE_Index,Total_Employment
AT,A,0.2621947597133048,155.2
AT,C,0.4264837830654208,743.1
AT,D,0.5389756883613789,24.3
AT,E,0.3178513233890727,15.600000000000001
AT,F,0.37194464959828594,366.4
AT,G,0.4725030618744807,604.5
AT,H,0.42349916094422835,207.20000000000002
AT,I,0.45164075258882563,250.2
AT,J,0.683841728090368,156.6
AT,K,0.6402605449610944,136.5
AT,L,0.5512195906051451,31.3
AT,M,0.6316313323202128,268.6
AT,N,0.40956693300974123,159.5
AT,O,0.5623179808562856,279.0
AT,P,0.6738476774519253,292.09999999999997
AT,Q,0.5970539309550382,490.9
AT,R,0.6229605319404995,70.60000000000001
AT,S,0.5077873411944112,104.80000000000001
AT,T,0.19085775335775337,3.0
AT,U,0.547255291005291,3.6
BA,A,0.27309755810938496,83.2
BA,B,0.32739601946134067,20.3
BA,C,0.30948209114527336,228.89999999999998
BA,D,0.4321143605131238,23.9
BA,E,0.3626620966236778,19.2
BA,F,0.284339403383141,106.4
BA,G,0.4678153536324391,182.4
BA,H,0.35052259550868314,68.69999999999999
BA,I,0.46275577588,60.89999999999999
BA,J,0.662298732783185,29.800000000000004
BA,K,0.6485841689328699,21.2
BA,M,0.6972990369478758,20.3
BA,N,0.4624627152624493,15.6
BA,O,0.571225277163006,79.30000000000001
BA,P,0.656165161861318,67.0
BA,Q,0.5758684514216359,63.6
BA,R,0.5756823694417066,15.299999999999999
BA,S,0.4566447250605583,28.5
BA,T,0.19085775335775337,1.2
BA,U,0.7490118690118691,1.9
BE,A,0.26530529928636476,41.0
BE,C,0.44420445435554406,567.3
BE,D,0.5717374827544895,26.0
BE,E,0.43077967856439286,39.0
BE,F,0.37597250364883744,310.4
BE,G,0.49022759791384024,616.1
BE,H,0.42684228760865295,277.5
BE,I,0.48605698426220306,184.8
BE,J,0.6957050687893647,218.79999999999998
BE,K,0.6711983077902016,152.0
BE,L,0.5913996587305574,37.0
BE,M,0.6805904244053376,320.59999999999997
BE,N,0.397955087667664,291.70000000000005
BE,O,0.5781819932196612,406.3
BE,P,0.6989696446191214,480.9
BE,Q,0.5645910051226214,718.6
BE,R,0.5943582746276224,75.60000000000001
BE,S,0.5314806957985935,103.7
BE,T,0.3071851792260933,5.8
BE,U,0.6878035440525613,64.2
BG,A,0.2691713950743482,184.9
BG,B,0.3039086041654678,17.7
BG,C,0.3149973984541281,532.7
BG,D,0.46600076207514013,27.1
BG,E,0.2738910897426463,24.7
BG,F,0.30333227273651014,250.2
BG,G,0.47365539400523854,498.3
BG,H,0.3600083811896114,200.4
BG,I,0.46263151434634053,130.7
BG,J,0.6849526195978238,109.89999999999999
BG,K,0.6366068296376197,63.1
BG,L,0.547255291005291,14.3
BG,M,0.7077758435752891,108.19999999999999
BG,N,0.40492428199854813,93.0
BG,O,0.5787122838968356,177.7
BG,P,0.6553379176457569,160.9
BG,Q,0.6105312391088309,166.5
BG,R,0.6784034215143494,36.8
BG,S,0.49983000482400475,53.4
CH,A,0.2792662270441309,81.8
CH,B,0.23080540858318638,1.3
CH,C,0.48695901931779584,526.5
CH,D,0.5449153968202352,24.5
CH,E,0.3694331492903357,14.3
CH,F,0.3725971144513307,277.5
CH,G,0.5305032019221524,500.5
CH,H,0.4710311349903864,195.0
CH,I,0.4811409925680564,158.70000000000002
CH,J,0.6951038146157621,167.9
CH,K,0.6617504628976347,228.9
CH,L,0.5411052506352334,53.4
CH,M,0.6534754750490336,395.6
CH,N,0.43002885069622804,165.6
CH,O,0.6113903936105177,224.4
CH,P,0.6823544016770126,305.09999999999997
CH,Q,0.5976859861966096,652.3000000000001
CH,R,0.6081280444639234,68.7
CH,S,0.5532305734711812,126.6
CH,T,0.3248985341636402,38.8
CH,U,0.7029996817093591,3.0999999999999996
CY,A,0.26183187200229435,11.2
CY,C,0.3587534046378906,30.0
CY,D,0.4987564886757063,2.2
CY,E,0.2118828350553497,1.9
CY,F,0.35288893392701143,41.5
CY,G,0.4543234520838471,77.5
CY,H,0.4907124790680146,15.8
CY,I,0.428957183825663,36.099999999999994
CY,J,0.675652749564163,18.0
CY,K,0.6341330089304956,27.0
CY,L,0.5748063114134543,2.9000000000000004
CY,M,0.6601590280746126,36.3
CY,N,0.3937673182918536,14.100000000000001
CY,O,0.5224864990463358,32.6
CY,P,0.7080338588271589,32.8
CY,Q,0.6259527433463654,24.9
CY,R,0.5686800574428663,7.9
CY,S,0.4861701645120013,14.299999999999999
CY,T,0.19085775335775337,18.4
CZ,A,0.33077038601746184,131.0
CZ,B,0.3492481931076135,22.8
CZ,C,0.36459244595316187,1339.3000000000002
CZ,D,0.4898805251432205,53.7
CZ,E,0.36737812206597226,62.0
CZ,F,0.35913522202465104,406.5
CZ,G,0.47440282607605394,583.0
CZ,H,0.3997550395574942,320.6
CZ,I,0.4757914445529831,163.6
CZ,J,0.6690287341246295,194.5
CZ,K,0.6448928562071595,121.8
CZ,L,0.5899460614940676,45.1
CZ,M,0.6730490581460145,263.7
CZ,N,0.4399875097722147,116.4
CZ,O,0.5669015444010586,326.4
CZ,P,0.6418592330443623,375.0
CZ,Q,0.5775043540395975,407.9
CZ,R,0.5861145088016824,89.4
CZ,S,0.4751215222880571,94.6
CZ,T,0.4555330910249139,36.300000000000004
DE,A,0.3124140686653553,509.0
DE,B,0.23364757840861383,31.299999999999997
DE,C,0.4444583022871644,7902.599999999999
DE,D,0.5508536151677444,345.2
DE,E,0.3852580658806577,247.7
DE,F,0.3765776455056581,2558.2
DE,G,0.4825645590072029,5273.6
DE,H,0.4424768075190411,2016.6999999999998
DE,I,0.4534004224867163,1340.9
DE,J,0.6494193858511601,1617.1999999999998
DE,K,0.6389051177784284,1250.5
DE,L,0.5770943231478383,372.09999999999997
DE,M,0.6542959619504238,2276.0
DE,N,0.3974699773922527,1970.5
DE,O,0.5885701830187333,2965.7
DE,P,0.6891059439251956,2786.9
DE,Q,0.5719791880196095,5676.5
DE,R,0.583406840793883,528.4
DE,S,0.5165383064285187,1437.1
DE,T,0.2701299764553213,137.2
DK,A,0.23603148994288986,56.6
DK,C,0.43481569459691416,334.0
DK,D,0.6349755423124989,13.8
DK,E,0.30977492582565047,11.5
DK,F,0.3323280932283718,191.6
DK,G,0.46452213237738255,454.6
DK,H,0.38758212180370105,122.2
DK,I,0.37910567341106693,105.3
DK,J,0.6697523297825014,128.3
DK,K,0.6806839284993239,81.10000000000001
DK,L,0.5615209672344335,33.900000000000006
DK,M,0.6625941366702782,167.4
DK,N,0.4215783338513189,111.2
DK,O,0.6421089954860466,149.0
DK,P,0.6679832487657806,251.49999999999997
DK,Q,0.580351546291341,515.4
DK,R,0.5555777182814485,69.7
DK,S,0.5404529738548403,72.5
EA20,A,0.2717342331364099,4459.3
EA20,B,0.4084155136605631,250.7
EA20,C,0.41783045578942885,23386.2
EA20,D,0.5562836209409143,1016.5999999999999
EA20,E,0.4046994942099871,1170.1
EA20,F,0.35513875227206465,9961.099999999999
EA20,G,0.4778928096763218,21038.9
EA20,H,0.41144903211967043,7912.0
EA20,I,0.4576277592184323,7734.200000000001
EA20,J,0.6640498427796522,5807.0
EA20,K,0.6374215385531876,4493.5
EA20,L,0.5631622387862294,1374.4
EA20,M,0.6638549172112821,9502.2
EA20,N,0.41042562842042224,6909.799999999999
EA20,O,0.574733675511904,10103.3
EA20,P,0.6753605758142109,11493.199999999999
EA20,Q,0.5679371026935037,18428.7
EA20,R,0.5834100446260443,2698.7999999999997
EA20,S,0.5025424938270122,4464.7
EA20,T,0.2835649796551526,1747.9
EA20,U,0.6880972356462569,140.1
EE,A,0.2543799512471192,15.4
EE,B,0.2308054085831864,1.1
EE,C,0.37906557006494446,123.5
EE,D,0.6692596576168005,4.2
EE,E,0.547255291005291,1.1
EE,F,0.3610796779199209,58.3
EE,G,0.4982108628912774,89.9
EE,H,0.3990963030119341,50.2
EE,I,0.46772360326688434,20.400000000000002
EE,J,0.7160802986975741,35.599999999999994
EE,K,0.6951979944660667,16.6
EE,L,0.358056598180055,8.1
EE,M,0.6961869133006978,28.5
EE,N,0.40300673387594577,20.7
EE,O,0.6019253575229011,38.9
EE,P,0.6477648292704156,64.5
EE,Q,0.5926631082771172,45.6
EE,R,0.6173978911610248,15.5
EE,S,0.5040390346533266,19.8
EL,A,0.23758006957298067,460.09999999999997
EL,B,0.23225900197429553,7.199999999999999
EL,C,0.3884994439841528,412.8
EL,D,0.5493433160014487,31.5
EL,E,0.31941019050870945,34.8
EL,F,0.2816732450538673,147.5
EL,G,0.465511673916544,716.3000000000001
EL,H,0.4016080346365253,203.9
EL,I,0.44306516282863284,376.3
EL,J,0.6408601669302655,105.39999999999999
EL,K,0.6241733850883744,73.1
EL,L,0.585760331575736,8.3
EL,M,0.6890167429859937,257.3
EL,N,0.463207230862725,91.4
EL,O,0.5493590374050635,303.5
EL,P,0.7077816090899554,343.4
EL,Q,0.6590604912219178,288.5
EL,R,0.5867345508557684,58.7
EL,S,0.471221651293754,90.9
EL,T,0.36654331579229793,26.9
EL,U,0.6471277399848828,1.4
ES,A,0.25142081786486475,798.5
ES,B,0.35914744066667553,28.700000000000003
ES,C,0.3847486867080223,2513.8
ES,D,0.5674232990169715,93.6
ES,E,0.3642610558227615,141.6
ES,F,0.3326919404502365,1354.9
ES,G,0.4601036455645064,3009.5
ES,H,0.35497689426261325,1113.3
ES,I,0.4378238000188947,1666.3
ES,J,0.6356351333741559,737.5
ES,K,0.6365462356061828,472.0
ES,L,0.5911391458330897,160.79999999999998
ES,M,0.6785426671733709,1118.3
ES,N,0.3680833779073726,1062.9
ES,O,0.5482620751451807,1306.2
ES,P,0.6949088894885952,1494.5
ES,Q,0.5903253098524297,1884.8000000000002
ES,R,0.5652304856553998,427.6
ES,S,0.479965933849528,491.70000000000005
ES,T,0.2698011109474082,556.7
ES,U,0.547255291005291,1.2
EU27_2020,A,0.2667377894468428,7382.1
EU27_2020,B,0.38814236633378635,553.0
EU27_2020,C,0.4060184872464656,31930.0
EU27_2020,D,0.5388137952394383,1480.3
EU27_2020,E,0.39425161113687396,1662.3
EU27_2020,F,0.3494102300188925,13646.1
EU27_2020,G,0.4793231060854478,27436.7
EU27_2020,H,0.40410623937233253,10737.3
EU27_2020,I,0.4557428295041401,9096.099999999999
EU27_2020,J,0.6686550034997062,7454.900000000001
EU27_2020,K,0.6413788499999525,5510.900000000001
EU27_2020,L,0.5597043720290025,1797.2
EU27_2020,M,0.6647658741112833,11762.5
EU27_2020,N,0.4156106579830864,8315.599999999999
EU27_2020,O,0.5786265115354645,12968.8
EU27_2020,P,0.6699628599060135,14932.6
EU27_2020,Q,0.5729046715347058,22211.7
EU27_2020,R,0.5836315674557505,3404.7000000000003
EU27_2020,S,0.5019955828709229,5372.8
EU27_2020,T,0.29458334883287407,1900.1999999999998
EU27_2020,U,0.6883342320804255,147.3
FI,A,0.2648841512303904,92.5
FI,B,0.23080540858318638,3.3
FI,C,0.4404256472559512,331.0
FI,D,0.6683092378092378,11.5
FI,E,0.45349913556952165,11.799999999999999
FI,F,0.34932367561719807,182.0
FI,G,0.4657595101889688,288.2
FI,H,0.34873468116770406,134.7
FI,I,0.3942198122918707,96.4
FI,J,0.7115456913587165,130.9
FI,K,0.675982680848013,47.099999999999994
FI,L,0.5907432495559607,24.9
FI,M,0.6705530781889055,187.7
FI,N,0.40713790251394466,138.5
FI,O,0.633655440315362,114.89999999999999
FI,P,0.6849902104596004,182.0
FI,Q,0.5332426473610404,411.70000000000005
FI,R,0.5982632032442241,62.2
FI,S,0.5430684723827464,80.4
FI,T,0.460737381372302,6.4
FR,A,0.28806117777272183,717.2
FR,B,0.4203766098023658,32.7
FR,C,0.4296858290791594,3071.5
FR,D,0.5980405632330649,172.8
FR,E,0.44485055088242703,210.8
FR,F,0.3676498619677041,1826.7
FR,G,0.49101990176417337,3685.4
FR,H,0.42285514073448466,1426.1
FR,I,0.47647872932278396,1121.7
FR,J,0.6947706226765323,967.2
FR,K,0.6366195617937825,944.7
FR,L,0.5696665277788711,340.40000000000003
FR,M,0.6629549559846923,1832.8
FR,N,0.4453297979244516,1196.8
FR,O,0.5558325600409163,2112.4
FR,P,0.6528736610053042,2118.2
FR,Q,0.5306297992697546,3910.2000000000003
FR,R,0.5903370026014472,606.3
FR,S,0.5296387567079789,836.6
FR,T,0.26562406608841205,245.39999999999998
HR,A,0.25986019323751486,91.10000000000001
HR,C,0.3706210974625569,276.4
HR,D,0.5119613271631743,13.7
HR,E,0.3453896974429961,26.5
HR,F,0.3442497428204478,117.9
HR,G,0.48232729651137773,223.7
HR,H,0.407651769219807,102.5
HR,I,0.47274730466406306,98.9
HR,J,0.6718859293621199,54.6
HR,K,0.6379892870079891,31.700000000000003
HR,L,0.5286811926912178,5.7
HR,M,0.673493778979752,69.8
HR,N,0.44684304483660464,44.1
HR,O,0.5916830063646441,93.4
HR,P,0.6580808659570334,127.30000000000001
HR,Q,0.5600655642832075,118.9
HR,R,0.6296525969911467,24.799999999999997
HR,S,0.47921052252724144,38.0
HU,A,0.2968549447122107,203.7
HU,C,0.36502995598283694,979.0
HU,D,0.5039576800538333,35.0
HU,E,0.3586686990716644,53.2
HU,F,0.3108011944271115,380.7
HU,G,0.4693500165003079,593.3
HU,H,0.39687441367472365,288.3
HU,I,0.4232994427951481,181.3
HU,J,0.6872886962672302,165.1
HU,K,0.6381202760130218,96.1
HU,L,0.5516394937566491,34.6
HU,M,0.6864552875958044,221.5
HU,N,0.4411928858165862,135.6
HU,O,0.5127278323301038,389.6
HU,P,0.6535647600165264,359.0
HU,Q,0.5489654155187224,312.0
HU,R,0.597490897613878,78.3
HU,S,0.47714406792117264,112.7
IE,A,0.2603091509225112,96.2
IE,C,0.44139904725010265,285.1
IE,D,0.7490118690118689,6.4
IE,F,0.34884499613319897,167.0
IE,G,0.49887904691080776,317.6
IE,H,0.34944820783101005,104.9
IE,I,0.4676952005806341,162.5
IE,J,0.6810305456492598,162.20000000000002
IE,K,0.6868639656010143,118.3
IE,M,0.6754345329982827,164.6
IE,N,0.4502896636104826,105.1
IE,O,0.5912061656175084,124.7
IE,P,0.6848415563406051,208.20000000000002
IE,Q,0.6051993642294637,337.90000000000003
IE,R,0.6404083697260634,44.2
IE,S,0.5186323429505112,42.599999999999994
IS,A,0.31107566424553607,7.8
IS,C,0.39947006653044614,17.9
IS,F,0.3190611435724409,15.4
IS,G,0.5032564023293673,24.5
IS,H,0.4291381161712176,13.3
IS,I,0.49784254686751683,10.600000000000001
IS,J,0.6943481525003266,9.2
IS,K,0.685797879332967,5.7
IS,L,0.547255291005291,0.6
IS,M,0.6680997439430112,10.700000000000001
IS,N,0.5227805611559581,6.0
IS,O,0.6573852283814619,11.8
IS,P,0.6563416983668914,26.1
IS,Q,0.6015421148112947,26.4
IS,R,0.6127303051496172,7.800000000000001
IS,S,0.49929391766741743,4.1
IT,A,0.24327282945400924,875.0
IT,B,0.41576881831336565,31.3
IT,C,0.38740615537469575,4258.3
IT,D,0.5370390062183813,118.0
IT,E,0.3754842843592175,246.6
IT,F,0.3149568530597227,1550.1999999999998
IT,G,0.47046179253960263,3137.1
IT,H,0.39566568454941725,1167.2
IT,I,0.4832118101775191,1405.0
IT,J,0.6404095743080059,686.4
IT,K,0.6089423189382738,602.9
IT,L,0.5298964505765296,155.3
IT,M,0.6642969628678315,1511.3000000000002
IT,N,0.39190847749498386,1006.7
IT,O,0.5810221458745218,926.0
IT,P,0.6650886270141222,1603.5
IT,Q,0.5653633875965656,1882.1
IT,R,0.5733173215842873,306.7
IT,S,0.4568825049140881,745.9
IT,T,0.30813686228187687,637.0
IT,U,0.673227094216537,15.9
LT,A,0.249497065809297,75.4
LT,B,0.23080540858318638,2.6
LT,C,0.374996414433358,223.3
LT,D,0.5517866848785323,10.5
LT,E,0.392193114079422,12.3
LT,F,0.35629343895805704,109.8
LT,G,0.5018307730043925,206.3
LT,H,0.44073157894965603,103.5
LT,I,0.4624321756896425,38.5
LT,J,0.7123649454128412,55.9
LT,K,0.6523320707236523,30.8
LT,L,0.5435974908196383,14.4
LT,M,0.6868309844342446,68.89999999999999
LT,N,0.4271041795859945,58.7
LT,O,0.6129478900519273,87.2
LT,P,0.615800600793378,126.70000000000002
LT,Q,0.6176899206766289,109.5
LT,R,0.6223615593626057,29.200000000000003
LT,S,0.5060303227786443,35.6
LU,A,0.23457254246727932,2.4
LU,C,0.5241790053173683,8.3
LU,D,0.43414092121575115,1.3
LU,F,0.375645298275742,14.6
LU,G,0.53578013246132,24.4
LU,H,0.4335435734367508,13.1
LU,I,0.42400278463586427,9.700000000000001
LU,J,0.7118704964026861,15.200000000000001
LU,K,0.7107601053484018,34.3
LU,L,0.547255291005291,1.7
LU,M,0.7161498799761972,26.299999999999997
LU,N,0.37360001162090173,9.2
LU,O,0.5641356578415105,34.5
LU,P,0.7228191202515736,23.0
LU,Q,0.572500653356688,33.3
LU,R,0.6102931080882469,3.2
LU,S,0.6144905487498079,4.2
LU,T,0.25695072348376524,4.9
LU,U,0.7276118656209302,19.700000000000003
LV,A,0.2862820905371401,56.400000000000006
LV,C,0.35596370165976904,112.30000000000001
LV,D,0.5496374374725659,9.0
LV,F,0.3575781938526412,70.3
LV,G,0.4856754705158088,139.9
LV,H,0.410196525712994,66.0
LV,I,0.3899736627794518,22.1
LV,J,0.7032219487712852,40.9
LV,K,0.6399283277002871,14.8
LV,L,0.3884515688358281,10.8
LV,M,0.682990443860682,33.0
LV,N,0.3927754515307231,20.4
LV,O,0.6597596941891644,52.1
LV,P,0.6194575663432631,81.3
LV,Q,0.6099589997720979,55.4
LV,R,0.6938028126997053,17.7
LV,S,0.46073738137230197,10.1
MT,A,0.23457254246727932,1.4
MT,C,0.4100661140451124,27.7
MT,E,0.21820412129035582,1.7
MT,F,0.33317831660748937,18.1
MT,G,0.4908298872376664,34.1
MT,H,0.4200299657822334,15.2
MT,I,0.453412383614556,19.3
MT,J,0.6997885351633799,11.5
MT,K,0.6804327191927106,16.8
MT,L,0.547255291005291,2.7
MT,M,0.7034206402014953,14.700000000000001
MT,N,0.48788164147912383,14.6
MT,O,0.6064988217329487,15.6
MT,P,0.6364346901558272,24.5
MT,Q,0.5819921728810618,27.0
MT,R,0.663860822128799,14.9
MT,S,0.4768337366528581,4.3
MT,T,0.38971642663163125,3.8
NL,A,0.34019698943137033,177.0
NL,B,0.6723330159221672,13.3
NL,C,0.4836916567467354,799.8
NL,D,0.6393916137393554,39.4
NL,E,0.5074145843930797,39.5
NL,F,0.41384579733359655,412.7
NL,G,0.4659258384488752,1435.1
NL,H,0.4362596393588561,447.2
NL,I,0.4257433903102617,431.3
NL,J,0.6955050521546511,428.90000000000003
NL,K,0.6732906581054963,293.7
NL,L,0.5813580581493593,72.5
NL,M,0.6640333177799852,844.0
NL,N,0.4768489981616998,441.4
NL,O,0.630682507024656,628.3
NL,P,0.6833930455626122,747.3
NL,Q,0.5884751382425463,1610.2000000000003
NL,R,0.6067829598852301,233.20000000000002
NL,S,0.5418146112583324,187.4
NL,T,0.4993376795162509,6.5
NO,A,0.271858979008423,47.800000000000004
NO,B,0.49190781660321,60.4
NO,C,0.44085210774161393,205.8
NO,E,0.19085775335775337,6.6
NO,F,0.35467130984572764,233.3
NO,G,0.5177854969922946,342.1
NO,H,0.43138457181658,132.9
NO,I,0.4700255125969103,103.0
NO,J,0.6991551605304285,120.0
NO,K,0.6390894084931218,57.900000000000006
NO,L,0.6365562643983697,20.9
NO,M,0.6809161197813175,167.6
NO,N,0.4628956014995831,94.69999999999999
NO,O,0.6661606924777372,163.3
NO,P,0.7054643378260691,229.1
NO,Q,0.5995062256918131,571.2
NO,R,0.6316641743873266,70.4
NO,S,0.5732530789861413,45.1
PL,A,0.24254821329062243,1343.9
PL,B,0.343593920939659,158.4
PL,C,0.3943377181735671,3314.7
PL,D,0.5205384231918284,193.3
PL,E,0.4041379368993841,185.2
PL,F,0.34695686181762864,1341.9
PL,G,0.5051775523966301,2344.4
PL,H,0.40647478541164905,1131.0
PL,I,0.4675559304526195,407.5
PL,J,0.7049842046106866,516.0
PL,K,0.6787107955954544,412.29999999999995
PL,L,0.5316521812903853,165.6
PL,M,0.6772022885512186,712.3
PL,N,0.4488731322281487,475.1
PL,O,0.6139185765512865,1041.6
PL,P,0.645793334231007,1329.2
PL,Q,0.6239307417666515,1157.6
PL,R,0.5922366943300921,227.7
PL,S,0.4918312434093552,311.8
PL,T,0.46073738137230197,62.4
PT,A,0.282329463071078,131.7
PT,B,0.23080540858318638,6.4
PT,C,0.384157819048078,838.5
PT,D,0.5738208908399931,16.8
PT,E,0.45994568547013504,31.0
PT,F,0.3531878135859182,329.79999999999995
PT,G,0.4854316556163413,728.1
PT,H,0.4025197990749422,232.0
PT,I,0.47319089337066733,297.7
PT,J,0.698841503273513,185.0
PT,K,0.6533440241884246,100.9
PT,L,0.5699068858082933,47.199999999999996
PT,M,0.707552820400927,240.70000000000002
PT,N,0.46687972140867284,164.5
PT,O,0.5447915989288042,316.3
PT,P,0.6650102315841431,418.40000000000003
PT,Q,0.5973376131077283,493.90000000000003
PT,R,0.6115658900819373,72.9
PT,S,0.48326055493043585,112.69999999999999
PT,T,0.21161772474348786,93.60000000000001
RO,A,0.24859820516079026,870.7
RO,B,0.3543673199680281,45.599999999999994
RO,C,0.32118201486173087,1540.6
RO,D,0.414981682236229,68.3
RO,E,0.28480852621238906,108.19999999999999
RO,F,0.31219303716971597,765.3000000000001
RO,G,0.46276233033595987,1381.9
RO,H,0.32783361439548553,555.5
RO,I,0.4714029479007421,181.7
RO,J,0.6768128516428994,197.7
RO,K,0.6687175716658603,105.6
RO,L,0.5472552910052909,14.9
RO,M,0.7045653321446991,211.0
RO,N,0.4474791924977393,196.2
RO,O,0.5674634221789521,372.9
RO,P,0.6810342281169095,353.0
RO,Q,0.6144212856456603,440.8
RO,R,0.5993992115842735,59.0
RO,S,0.49366701199183427,111.89999999999999
RO,T,0.19085775335775337,16.7
RS,A,0.24349115621897707,390.6
RS,B,0.3739573000133734,33.5
RS,C,0.3398862453415203,557.3
RS,D,0.433894784893846,35.2
RS,E,0.3758453571353365,42.4
RS,F,0.3137928371287891,167.3
RS,G,0.48395906607854483,376.0
RS,H,0.4033789712771969,152.79999999999998
RS,I,0.4599505168748074,98.1
RS,J,0.6636146331392363,110.0
RS,K,0.646077768374431,50.199999999999996
RS,L,0.5823456109170394,3.7
RS,M,0.6670988671715035,112.8
RS,N,0.4156929101986843,62.4
RS,O,0.5807903711167767,132.4
RS,P,0.6482510669952813,177.3
RS,Q,0.5737712933218069,171.1
RS,R,0.6074948384818415,59.9
RS,S,0.4726756890481041,50.1
RS,T,0.3717345253249508,9.4
SE,A,0.274734337812301,88.30000000000001
SE,B,0.23080540858318635,4.7
SE,C,0.4669321364153915,490.3
SE,D,0.5957238375846609,31.7
SE,E,0.34491579125454874,16.9
SE,F,0.34826791307490135,332.7
SE,G,0.5029728295363858,534.1
SE,H,0.38520064345822835,205.7
SE,I,0.4096375009936341,157.2
SE,J,0.7122139684192064,307.09999999999997
SE,K,0.6482302952431921,118.8
SE,L,0.5608345874214633,95.19999999999999
SE,M,0.6603854177671312,526.9
SE,N,0.45462530681213353,244.7
SE,O,0.650931008973595,401.8
SE,P,0.6659796529090934,573.9
SE,Q,0.5943536628279948,757.6
SE,R,0.6042979081440073,118.60000000000001
SE,S,0.5580285169626958,125.9
SI,A,0.22410889613787155,37.6
SI,B,0.2308054085831864,1.1
SI,C,0.3926901822424392,214.0
SI,D,0.5506505048601361,7.6
SI,E,0.3434307182826058,12.2
SI,F,0.3430450181121295,55.4
SI,G,0.5074711174814682,112.80000000000001
SI,H,0.4177108419740383,46.0
SI,I,0.44758590606628823,37.3
SI,J,0.7012623249917488,35.1
SI,K,0.6514287660498422,22.3
SI,L,0.547255291005291,1.8
SI,M,0.6546527424572072,67.2
SI,N,0.3909188794524683,30.7
SI,O,0.6481160373494541,51.4
SI,P,0.6721980435962404,95.2
SI,Q,0.6007764758452274,79.9
SI,R,0.6269972352698776,18.7
SI,S,0.539728157154842,18.6
SK,A,0.23338638952418303,34.3
SK,C,0.35684661332948375,621.9
SK,D,0.40657304666854216,15.200000000000001
SK,F,0.3262022176762815,253.8
SK,G,0.4953098492984544,315.3
SK,H,0.3941710783903597,156.10000000000002
SK,I,0.45963236015296854,77.6
SK,J,0.6715404938410892,105.6
SK,K,0.6618542081437694,62.2
SK,L,0.547255291005291,8.2
SK,M,0.6693616859042049,88.7
SK,N,0.43263257195668864,34.1
SK,O,0.5804014226877168,184.1
SK,P,0.6388343018654467,217.8
SK,Q,0.5637378053488166,186.7
SK,R,0.6560815664148997,16.5
SK,S,0.46073738137230197,22.8
TR,A,0.225922630127845,4813.7
TR,B,0.34568520873856023,155.3
TR,C,0.3368274594646474,6163.599999999999
TR,D,0.4487108268950739,129.2
TR,E,0.273320110914241,217.5
TR,F,0.31587812699908785,1845.6
TR,G,0.4561747920612466,4363.2
TR,H,0.3486561308866692,1492.6000000000001
TR,I,0.43297888286189595,1692.3
TR,J,0.6468104133193038,283.1
TR,K,0.6165785172541471,316.1
TR,L,0.4911986121570171,328.8
TR,M,0.6508934280959788,943.0
TR,N,0.3996405101098562,1102.9
TR,O,0.522773036308996,1815.6000000000001
TR,P,0.6721179162853665,1902.6
TR,Q,0.5549883134149538,1840.3
TR,R,0.5577882658764116,153.1
TR,S,0.4182379231059813,812.5
TR,T,0.3756432088671143,129.8
TR,U,0.5311106379360347,5.3
